panda_00064.jpg, panda
panda_00203.jpg, panda
panda_00426.jpg, panda
panda_00477.jpg, panda
panda_00886.jpg, panda
panda_00771.jpg, panda
panda_00326.jpg, panda
panda_00842.jpg, panda
panda_00375.jpg, panda
panda_00902.jpg, panda
panda_00137.jpg, panda
panda_00713.jpg, panda
panda_00575.jpg, panda
panda_00330.jpg, panda
panda_00044.jpg, panda
panda_00332.jpg, panda
panda_00695.jpg, panda
panda_00181.jpg, panda
panda_00535.jpg, panda
panda_00767.jpg, panda
panda_00614.jpg, panda
panda_00830.jpg, panda
panda_00079.jpg, panda
panda_00530.jpg, panda
panda_00174.jpg, panda
panda_00515.jpg, panda
panda_00338.jpg, panda
panda_00706.jpg, panda
panda_00524.jpg, panda
panda_00762.jpg, panda
panda_00433.jpg, panda
panda_00372.jpg, panda
panda_00389.jpg, panda
panda_00080.jpg, panda
panda_00177.jpg, panda
panda_00969.jpg, panda
panda_00445.jpg, panda
panda_00031.jpg, panda
panda_00792.jpg, panda
panda_00659.jpg, panda
panda_00249.jpg, panda
panda_00087.jpg, panda
panda_00613.jpg, panda
panda_00682.jpg, panda
panda_00336.jpg, panda
panda_00029.jpg, panda
panda_00103.jpg, panda
panda_00348.jpg, panda
panda_00864.jpg, panda
panda_00284.jpg, panda
panda_00273.jpg, panda
panda_00704.jpg, panda
panda_00362.jpg, panda
panda_00686.jpg, panda
panda_00696.jpg, panda
panda_00691.jpg, panda
panda_00290.jpg, panda
panda_00891.jpg, panda
panda_00993.jpg, panda
panda_00365.jpg, panda
panda_00173.jpg, panda
panda_00382.jpg, panda
panda_00488.jpg, panda
panda_00204.jpg, panda
panda_00739.jpg, panda
panda_00234.jpg, panda
panda_00796.jpg, panda
panda_00672.jpg, panda
panda_00520.jpg, panda
panda_00656.jpg, panda
panda_00127.jpg, panda
panda_00633.jpg, panda
panda_00499.jpg, panda
panda_00935.jpg, panda
panda_00550.jpg, panda
panda_00413.jpg, panda
panda_00327.jpg, panda
panda_00398.jpg, panda
panda_00723.jpg, panda
panda_00333.jpg, panda
panda_00956.jpg, panda
panda_00533.jpg, panda
panda_00030.jpg, panda
panda_00680.jpg, panda
panda_00985.jpg, panda
panda_00906.jpg, panda
panda_00339.jpg, panda
panda_00359.jpg, panda
panda_00836.jpg, panda
panda_00357.jpg, panda
panda_00184.jpg, panda
panda_00211.jpg, panda
panda_00167.jpg, panda
panda_00883.jpg, panda
panda_00903.jpg, panda
panda_00943.jpg, panda
panda_00257.jpg, panda
panda_00962.jpg, panda
panda_00418.jpg, panda
panda_00221.jpg, panda
panda_00794.jpg, panda
panda_00492.jpg, panda
panda_00235.jpg, panda
panda_00668.jpg, panda
panda_00789.jpg, panda
panda_00847.jpg, panda
panda_00651.jpg, panda
panda_00667.jpg, panda
panda_00740.jpg, panda
panda_00738.jpg, panda
panda_00100.jpg, panda
panda_00953.jpg, panda
panda_00683.jpg, panda
panda_00770.jpg, panda
panda_00719.jpg, panda
panda_00349.jpg, panda
panda_00098.jpg, panda
panda_00340.jpg, panda
panda_00756.jpg, panda
panda_00368.jpg, panda
panda_00999.jpg, panda
panda_00363.jpg, panda
panda_00189.jpg, panda
panda_00874.jpg, panda
panda_00237.jpg, panda
panda_00553.jpg, panda
panda_00305.jpg, panda
panda_00215.jpg, panda
panda_00111.jpg, panda
panda_00033.jpg, panda
panda_00148.jpg, panda
panda_00124.jpg, panda
panda_00641.jpg, panda
panda_00642.jpg, panda
panda_00360.jpg, panda
panda_00279.jpg, panda
panda_00818.jpg, panda
panda_00252.jpg, panda
panda_00508.jpg, panda
panda_00104.jpg, panda
panda_00981.jpg, panda
panda_00026.jpg, panda
panda_00090.jpg, panda
panda_00112.jpg, panda
panda_00313.jpg, panda
panda_00422.jpg, panda
panda_00715.jpg, panda
panda_00126.jpg, panda
panda_00876.jpg, panda
panda_00247.jpg, panda
panda_00610.jpg, panda
panda_00730.jpg, panda
panda_00162.jpg, panda
panda_00556.jpg, panda
panda_00428.jpg, panda
panda_00358.jpg, panda
panda_00450.jpg, panda
panda_00726.jpg, panda
panda_00514.jpg, panda
panda_00785.jpg, panda
panda_00856.jpg, panda
panda_00919.jpg, panda
panda_00015.jpg, panda
panda_00913.jpg, panda
panda_00322.jpg, panda
panda_00498.jpg, panda
panda_00992.jpg, panda
panda_00799.jpg, panda
panda_00385.jpg, panda
panda_00994.jpg, panda
panda_00800.jpg, panda
panda_00611.jpg, panda
panda_00141.jpg, panda
panda_00082.jpg, panda
panda_00745.jpg, panda
panda_00020.jpg, panda
panda_00554.jpg, panda
panda_00264.jpg, panda
panda_00679.jpg, panda
panda_00564.jpg, panda
panda_00694.jpg, panda
panda_00597.jpg, panda
panda_00028.jpg, panda
panda_00387.jpg, panda
panda_00662.jpg, panda
panda_00973.jpg, panda
panda_00239.jpg, panda
panda_00438.jpg, panda
panda_00595.jpg, panda
panda_00982.jpg, panda
panda_00142.jpg, panda
panda_00337.jpg, panda
panda_00405.jpg, panda
panda_00129.jpg, panda
panda_00071.jpg, panda
panda_00299.jpg, panda
panda_00658.jpg, panda
panda_00475.jpg, panda
panda_00424.jpg, panda
panda_00649.jpg, panda
panda_00925.jpg, panda
panda_00812.jpg, panda
panda_00067.jpg, panda
panda_00934.jpg, panda
panda_00863.jpg, panda
panda_00687.jpg, panda
panda_00872.jpg, panda
panda_00248.jpg, panda
panda_00130.jpg, panda
panda_00855.jpg, panda
panda_00780.jpg, panda
panda_00035.jpg, panda
panda_00717.jpg, panda
panda_00210.jpg, panda
panda_00367.jpg, panda
panda_00288.jpg, panda
panda_00596.jpg, panda
panda_00629.jpg, panda
panda_00699.jpg, panda
panda_00727.jpg, panda
panda_00006.jpg, panda
panda_00066.jpg, panda
panda_00765.jpg, panda
panda_00230.jpg, panda
panda_00500.jpg, panda
panda_00820.jpg, panda
panda_00231.jpg, panda
panda_00253.jpg, panda
panda_00916.jpg, panda
panda_00457.jpg, panda
panda_00635.jpg, panda
panda_00151.jpg, panda
panda_00804.jpg, panda
panda_00331.jpg, panda
panda_00612.jpg, panda
panda_00724.jpg, panda
panda_00912.jpg, panda
panda_00070.jpg, panda
panda_00559.jpg, panda
panda_00748.jpg, panda
panda_00791.jpg, panda
panda_00852.jpg, panda
panda_00871.jpg, panda
panda_00670.jpg, panda
panda_00470.jpg, panda
panda_00628.jpg, panda
panda_00171.jpg, panda
panda_00480.jpg, panda
panda_00870.jpg, panda
panda_00703.jpg, panda
panda_00025.jpg, panda
panda_00974.jpg, panda
panda_00200.jpg, panda
panda_00951.jpg, panda
panda_00191.jpg, panda
panda_00698.jpg, panda
panda_00213.jpg, panda
panda_00929.jpg, panda
panda_00393.jpg, panda
panda_00356.jpg, panda
panda_00449.jpg, panda
panda_00621.jpg, panda
panda_00282.jpg, panda
panda_00443.jpg, panda
panda_00309.jpg, panda
panda_00866.jpg, panda
panda_00454.jpg, panda
panda_00584.jpg, panda
panda_00654.jpg, panda
panda_00531.jpg, panda
panda_00267.jpg, panda
panda_00113.jpg, panda
panda_00987.jpg, panda
panda_00046.jpg, panda
panda_00472.jpg, panda
panda_00606.jpg, panda
panda_00241.jpg, panda
panda_00207.jpg, panda
panda_00588.jpg, panda
panda_00574.jpg, panda
panda_00832.jpg, panda
panda_00350.jpg, panda
panda_00580.jpg, panda
panda_00408.jpg, panda
panda_00521.jpg, panda
panda_00705.jpg, panda
panda_00188.jpg, panda
panda_00455.jpg, panda
panda_00352.jpg, panda
panda_00712.jpg, panda
panda_00801.jpg, panda
panda_00294.jpg, panda
panda_00937.jpg, panda
panda_00505.jpg, panda
panda_00644.jpg, panda
panda_00742.jpg, panda
panda_00053.jpg, panda
panda_00238.jpg, panda
panda_00485.jpg, panda
panda_00224.jpg, panda
panda_00882.jpg, panda
panda_00681.jpg, panda
panda_00110.jpg, panda
panda_00163.jpg, panda
panda_00673.jpg, panda
panda_00414.jpg, panda
panda_00268.jpg, panda
panda_00233.jpg, panda
panda_00988.jpg, panda
panda_00885.jpg, panda
panda_00007.jpg, panda
panda_00582.jpg, panda
panda_00316.jpg, panda
panda_00700.jpg, panda
panda_00180.jpg, panda
panda_00779.jpg, panda
panda_00955.jpg, panda
panda_00619.jpg, panda
panda_00693.jpg, panda
panda_00894.jpg, panda
panda_00055.jpg, panda
panda_00594.jpg, panda
panda_00451.jpg, panda
panda_00182.jpg, panda
panda_00390.jpg, panda
panda_00041.jpg, panda
panda_00039.jpg, panda
panda_00310.jpg, panda
panda_00645.jpg, panda
panda_00831.jpg, panda
panda_00101.jpg, panda
panda_00295.jpg, panda
panda_00325.jpg, panda
panda_00175.jpg, panda
panda_00983.jpg, panda
panda_00003.jpg, panda
panda_00729.jpg, panda
panda_00265.jpg, panda
panda_00880.jpg, panda
panda_00139.jpg, panda
panda_00604.jpg, panda
panda_00506.jpg, panda
panda_00907.jpg, panda
panda_00369.jpg, panda
panda_00089.jpg, panda
panda_00942.jpg, panda
panda_00345.jpg, panda
panda_00777.jpg, panda
panda_00690.jpg, panda
panda_00526.jpg, panda
panda_00407.jpg, panda
panda_00216.jpg, panda
panda_00837.jpg, panda
panda_00419.jpg, panda
panda_00941.jpg, panda
panda_00106.jpg, panda
panda_00013.jpg, panda
panda_00274.jpg, panda
panda_00156.jpg, panda
panda_00315.jpg, panda
panda_00752.jpg, panda
panda_00720.jpg, panda
panda_00266.jpg, panda
panda_00542.jpg, panda
panda_00843.jpg, panda
panda_00043.jpg, panda
panda_00747.jpg, panda
panda_00869.jpg, panda
panda_00652.jpg, panda
panda_00844.jpg, panda
panda_00857.jpg, panda
panda_00289.jpg, panda
panda_00150.jpg, panda
panda_00671.jpg, panda
panda_00169.jpg, panda
panda_00355.jpg, panda
panda_00957.jpg, panda
panda_00263.jpg, panda
panda_00227.jpg, panda
panda_00005.jpg, panda
panda_00996.jpg, panda
panda_00569.jpg, panda
panda_00544.jpg, panda
panda_00434.jpg, panda
panda_00622.jpg, panda
panda_00076.jpg, panda
panda_00643.jpg, panda
panda_00936.jpg, panda
panda_00827.jpg, panda
panda_00246.jpg, panda
panda_00456.jpg, panda
panda_00555.jpg, panda
panda_00892.jpg, panda
panda_00753.jpg, panda
panda_00058.jpg, panda
panda_00399.jpg, panda
panda_00400.jpg, panda
panda_00918.jpg, panda
panda_00617.jpg, panda
panda_00353.jpg, panda
panda_00689.jpg, panda
panda_00950.jpg, panda
panda_00334.jpg, panda
panda_00888.jpg, panda
panda_00868.jpg, panda
panda_00042.jpg, panda
panda_00107.jpg, panda
panda_00490.jpg, panda
panda_00577.jpg, panda
panda_00930.jpg, panda
panda_00898.jpg, panda
panda_00153.jpg, panda
panda_00073.jpg, panda
panda_00591.jpg, panda
panda_00822.jpg, panda
panda_00261.jpg, panda
panda_00493.jpg, panda
panda_00165.jpg, panda
panda_00136.jpg, panda
panda_00045.jpg, panda
panda_00518.jpg, panda
panda_00634.jpg, panda
panda_00516.jpg, panda
panda_00412.jpg, panda
panda_00636.jpg, panda
panda_00502.jpg, panda
panda_00501.jpg, panda
panda_00563.jpg, panda
panda_00321.jpg, panda
panda_00840.jpg, panda
panda_00760.jpg, panda
panda_00826.jpg, panda
panda_00661.jpg, panda
panda_00251.jpg, panda
panda_00781.jpg, panda
panda_00114.jpg, panda
panda_00304.jpg, panda
panda_00532.jpg, panda
panda_00537.jpg, panda
panda_00170.jpg, panda
panda_00708.jpg, panda
panda_00144.jpg, panda
panda_00487.jpg, panda
panda_00143.jpg, panda
panda_00768.jpg, panda
panda_00590.jpg, panda
panda_00759.jpg, panda
panda_00335.jpg, panda
panda_00741.jpg, panda
panda_00220.jpg, panda
panda_00587.jpg, panda
panda_00095.jpg, panda
panda_00494.jpg, panda
panda_00319.jpg, panda
panda_00932.jpg, panda
panda_00631.jpg, panda
panda_00849.jpg, panda
panda_00769.jpg, panda
panda_00366.jpg, panda
panda_00710.jpg, panda
panda_00963.jpg, panda
panda_00061.jpg, panda
panda_00653.jpg, panda
panda_01000.jpg, panda
panda_00059.jpg, panda
panda_00854.jpg, panda
panda_00301.jpg, panda
panda_00245.jpg, panda
panda_00971.jpg, panda
panda_00560.jpg, panda
panda_00010.jpg, panda
panda_00623.jpg, panda
panda_00133.jpg, panda
panda_00092.jpg, panda
panda_00551.jpg, panda
panda_00786.jpg, panda
panda_00663.jpg, panda
panda_00132.jpg, panda
panda_00212.jpg, panda
panda_00069.jpg, panda
panda_00917.jpg, panda
panda_00995.jpg, panda
panda_00214.jpg, panda
panda_00931.jpg, panda
panda_00547.jpg, panda
panda_00495.jpg, panda
panda_00841.jpg, panda
panda_00877.jpg, panda
panda_00626.jpg, panda
panda_00647.jpg, panda
panda_00194.jpg, panda
panda_00250.jpg, panda
panda_00193.jpg, panda
panda_00388.jpg, panda
panda_00346.jpg, panda
panda_00736.jpg, panda
panda_00134.jpg, panda
panda_00421.jpg, panda
panda_00879.jpg, panda
panda_00921.jpg, panda
panda_00757.jpg, panda
panda_00001.jpg, panda
panda_00232.jpg, panda
panda_00893.jpg, panda
panda_00802.jpg, panda
panda_00161.jpg, panda
panda_00529.jpg, panda
panda_00258.jpg, panda
panda_00016.jpg, panda
panda_00928.jpg, panda
panda_00491.jpg, panda
panda_00602.jpg, panda
panda_00371.jpg, panda
panda_00040.jpg, panda
panda_00463.jpg, panda
panda_00552.jpg, panda
panda_00138.jpg, panda
panda_00965.jpg, panda
panda_00939.jpg, panda
panda_00578.jpg, panda
panda_00924.jpg, panda
panda_00947.jpg, panda
panda_00665.jpg, panda
panda_00427.jpg, panda
panda_00314.jpg, panda
panda_00961.jpg, panda
panda_00474.jpg, panda
panda_00677.jpg, panda
panda_00986.jpg, panda
panda_00900.jpg, panda
panda_00568.jpg, panda
panda_00344.jpg, panda
panda_00567.jpg, panda
panda_00323.jpg, panda
panda_00287.jpg, panda
panda_00627.jpg, panda
panda_00121.jpg, panda
panda_00378.jpg, panda
panda_00403.jpg, panda
panda_00546.jpg, panda
panda_00833.jpg, panda
panda_00420.jpg, panda
panda_00766.jpg, panda
panda_00229.jpg, panda
panda_00607.jpg, panda
panda_00914.jpg, panda
panda_00486.jpg, panda
panda_00481.jpg, panda
panda_00154.jpg, panda
panda_00108.jpg, panda
panda_00539.jpg, panda
panda_00296.jpg, panda
panda_00018.jpg, panda
panda_00262.jpg, panda
panda_00989.jpg, panda
panda_00168.jpg, panda
panda_00915.jpg, panda
panda_00764.jpg, panda
panda_00027.jpg, panda
panda_00476.jpg, panda
panda_00341.jpg, panda
panda_00896.jpg, panda
panda_00905.jpg, panda
panda_00206.jpg, panda
panda_00692.jpg, panda
panda_00603.jpg, panda
panda_00115.jpg, panda
panda_00021.jpg, panda
panda_00431.jpg, panda
panda_00952.jpg, panda
panda_00460.jpg, panda
panda_00525.jpg, panda
panda_00512.jpg, panda
panda_00823.jpg, panda
panda_00731.jpg, panda
panda_00254.jpg, panda
panda_00977.jpg, panda
panda_00522.jpg, panda
panda_00146.jpg, panda
panda_00763.jpg, panda
panda_00324.jpg, panda
panda_00504.jpg, panda
panda_00209.jpg, panda
panda_00890.jpg, panda
panda_00926.jpg, panda
panda_00778.jpg, panda
panda_00895.jpg, panda
panda_00688.jpg, panda
panda_00959.jpg, panda
panda_00465.jpg, panda
panda_00415.jpg, panda
panda_00458.jpg, panda
panda_00062.jpg, panda
panda_00140.jpg, panda
panda_00685.jpg, panda
panda_00684.jpg, panda
panda_00975.jpg, panda
panda_00666.jpg, panda
panda_00851.jpg, panda
panda_00120.jpg, panda
panda_00510.jpg, panda
panda_00543.jpg, panda
panda_00541.jpg, panda
panda_00196.jpg, panda
panda_00448.jpg, panda
panda_00881.jpg, panda
panda_00805.jpg, panda
panda_00904.jpg, panda
panda_00097.jpg, panda
panda_00391.jpg, panda
panda_00846.jpg, panda
panda_00125.jpg, panda
panda_00429.jpg, panda
panda_00787.jpg, panda
panda_00425.jpg, panda
panda_00758.jpg, panda
panda_00131.jpg, panda
panda_00979.jpg, panda
panda_00933.jpg, panda
panda_00164.jpg, panda
panda_00468.jpg, panda
panda_00776.jpg, panda
panda_00899.jpg, panda
panda_00523.jpg, panda
panda_00540.jpg, panda
panda_00709.jpg, panda
panda_00889.jpg, panda
panda_00050.jpg, panda
panda_00086.jpg, panda
panda_00186.jpg, panda
panda_00469.jpg, panda
panda_00675.jpg, panda
panda_00225.jpg, panda
panda_00598.jpg, panda
panda_00910.jpg, panda
panda_00464.jpg, panda
panda_00701.jpg, panda
panda_00534.jpg, panda
panda_00404.jpg, panda
panda_00946.jpg, panda
panda_00430.jpg, panda
panda_00292.jpg, panda
panda_00155.jpg, panda
panda_00441.jpg, panda
panda_00897.jpg, panda
panda_00376.jpg, panda
panda_00260.jpg, panda
panda_00217.jpg, panda
panda_00978.jpg, panda
panda_00317.jpg, panda
panda_00201.jpg, panda
panda_00088.jpg, panda
panda_00135.jpg, panda
panda_00461.jpg, panda
panda_00875.jpg, panda
panda_00958.jpg, panda
panda_00573.jpg, panda
panda_00571.jpg, panda
panda_00423.jpg, panda
panda_00436.jpg, panda
panda_00795.jpg, panda
panda_00839.jpg, panda
panda_00416.jpg, panda
panda_00549.jpg, panda
panda_00755.jpg, panda
panda_00923.jpg, panda
panda_00008.jpg, panda
panda_00084.jpg, panda
panda_00954.jpg, panda
panda_00236.jpg, panda
panda_00328.jpg, panda
panda_00285.jpg, panda
panda_00728.jpg, panda
panda_00401.jpg, panda
panda_00240.jpg, panda
panda_00178.jpg, panda
panda_00861.jpg, panda
panda_00976.jpg, panda
panda_00022.jpg, panda
panda_00160.jpg, panda
panda_00380.jpg, panda
panda_00744.jpg, panda
panda_00998.jpg, panda
panda_00119.jpg, panda
panda_00099.jpg, panda
panda_00396.jpg, panda
panda_00373.jpg, panda
panda_00620.jpg, panda
panda_00159.jpg, panda
panda_00655.jpg, panda
panda_00734.jpg, panda
panda_00565.jpg, panda
panda_00793.jpg, panda
panda_00011.jpg, panda
panda_00572.jpg, panda
panda_00255.jpg, panda
panda_00381.jpg, panda
panda_00815.jpg, panda
panda_00940.jpg, panda
panda_00483.jpg, panda
panda_00960.jpg, panda
panda_00453.jpg, panda
panda_00478.jpg, panda
panda_00024.jpg, panda
panda_00277.jpg, panda
panda_00901.jpg, panda
panda_00205.jpg, panda
panda_00650.jpg, panda
panda_00272.jpg, panda
panda_00803.jpg, panda
panda_00813.jpg, panda
panda_00545.jpg, panda
panda_00511.jpg, panda
panda_00085.jpg, panda
panda_00797.jpg, panda
panda_00484.jpg, panda
panda_00865.jpg, panda
panda_00377.jpg, panda
panda_00300.jpg, panda
panda_00848.jpg, panda
panda_00102.jpg, panda
panda_00054.jpg, panda
panda_00811.jpg, panda
panda_00754.jpg, panda
panda_00440.jpg, panda
panda_00409.jpg, panda
panda_00109.jpg, panda
panda_00032.jpg, panda
panda_00517.jpg, panda
panda_00637.jpg, panda
panda_00075.jpg, panda
panda_00281.jpg, panda
panda_00814.jpg, panda
panda_00280.jpg, panda
panda_00721.jpg, panda
panda_00096.jpg, panda
panda_00528.jpg, panda
panda_00176.jpg, panda
panda_00920.jpg, panda
panda_00157.jpg, panda
panda_00269.jpg, panda
panda_00166.jpg, panda
panda_00938.jpg, panda
panda_00083.jpg, panda
panda_00632.jpg, panda
panda_00887.jpg, panda
panda_00624.jpg, panda
panda_00049.jpg, panda
panda_00980.jpg, panda
panda_00581.jpg, panda
panda_00482.jpg, panda
panda_00716.jpg, panda
panda_00347.jpg, panda
panda_00479.jpg, panda
panda_00068.jpg, panda
panda_00737.jpg, panda
panda_00788.jpg, panda
panda_00197.jpg, panda
panda_00094.jpg, panda
panda_00618.jpg, panda
panda_00589.jpg, panda
panda_00725.jpg, panda
panda_00293.jpg, panda
panda_00570.jpg, panda
panda_00023.jpg, panda
panda_00557.jpg, panda
panda_00817.jpg, panda
panda_00859.jpg, panda
panda_00657.jpg, panda
panda_00538.jpg, panda
panda_00195.jpg, panda
panda_00036.jpg, panda
panda_00473.jpg, panda
panda_00697.jpg, panda
panda_00384.jpg, panda
panda_00244.jpg, panda
panda_00908.jpg, panda
panda_00063.jpg, panda
panda_00638.jpg, panda
panda_00226.jpg, panda
panda_00122.jpg, panda
panda_00038.jpg, panda
panda_00507.jpg, panda
panda_00149.jpg, panda
panda_00944.jpg, panda
panda_00782.jpg, panda
panda_00678.jpg, panda
panda_00276.jpg, panda
panda_00417.jpg, panda
panda_00081.jpg, panda
panda_00354.jpg, panda
panda_00147.jpg, panda
panda_00442.jpg, panda
panda_00286.jpg, panda
panda_00733.jpg, panda
panda_00751.jpg, panda
panda_00386.jpg, panda
panda_00118.jpg, panda
panda_00410.jpg, panda
panda_00208.jpg, panda
panda_00949.jpg, panda
panda_00810.jpg, panda
panda_00608.jpg, panda
panda_00964.jpg, panda
panda_00242.jpg, panda
panda_00467.jpg, panda
panda_00302.jpg, panda
panda_00858.jpg, panda
panda_00439.jpg, panda
panda_00402.jpg, panda
panda_00503.jpg, panda
panda_00048.jpg, panda
panda_00809.jpg, panda
panda_00105.jpg, panda
panda_00966.jpg, panda
panda_00860.jpg, panda
panda_00743.jpg, panda
panda_00718.jpg, panda
panda_00746.jpg, panda
panda_00179.jpg, panda
panda_00383.jpg, panda
panda_00821.jpg, panda
panda_00312.jpg, panda
panda_00374.jpg, panda
panda_00927.jpg, panda
panda_00732.jpg, panda
panda_00873.jpg, panda
panda_00586.jpg, panda
panda_00660.jpg, panda
panda_00640.jpg, panda
panda_00775.jpg, panda
panda_00772.jpg, panda
panda_00009.jpg, panda
panda_00807.jpg, panda
panda_00051.jpg, panda
panda_00183.jpg, panda
panda_00774.jpg, panda
panda_00228.jpg, panda
panda_00307.jpg, panda
panda_00152.jpg, panda
panda_00496.jpg, panda
panda_00219.jpg, panda
panda_00218.jpg, panda
panda_00850.jpg, panda
panda_00615.jpg, panda
panda_00116.jpg, panda
panda_00669.jpg, panda
panda_00172.jpg, panda
panda_00970.jpg, panda
panda_00466.jpg, panda
panda_00884.jpg, panda
panda_00447.jpg, panda
panda_00128.jpg, panda
panda_00558.jpg, panda
panda_00639.jpg, panda
panda_00435.jpg, panda
panda_00909.jpg, panda
panda_00275.jpg, panda
panda_00437.jpg, panda
panda_00343.jpg, panda
panda_00199.jpg, panda
panda_00676.jpg, panda
panda_00519.jpg, panda
panda_00394.jpg, panda
panda_00489.jpg, panda
panda_00990.jpg, panda
panda_00198.jpg, panda
panda_00117.jpg, panda
panda_00707.jpg, panda
panda_00329.jpg, panda
panda_00497.jpg, panda
panda_00462.jpg, panda
panda_00834.jpg, panda
panda_00012.jpg, panda
panda_00392.jpg, panda
panda_00585.jpg, panda
panda_00072.jpg, panda
panda_00509.jpg, panda
panda_00562.jpg, panda
panda_00351.jpg, panda
panda_00361.jpg, panda
panda_00945.jpg, panda
panda_00838.jpg, panda
panda_00190.jpg, panda
panda_00599.jpg, panda
panda_00047.jpg, panda
panda_00145.jpg, panda
panda_00664.jpg, panda
panda_00158.jpg, panda
panda_00972.jpg, panda
panda_00806.jpg, panda
panda_00034.jpg, panda
panda_00297.jpg, panda
panda_00019.jpg, panda
panda_00911.jpg, panda
panda_00773.jpg, panda
panda_00060.jpg, panda
panda_00223.jpg, panda
panda_00202.jpg, panda
panda_00379.jpg, panda
panda_00583.jpg, panda
panda_00829.jpg, panda
panda_00222.jpg, panda
panda_00609.jpg, panda
panda_00714.jpg, panda
panda_00824.jpg, panda
panda_00601.jpg, panda
panda_00536.jpg, panda
panda_00444.jpg, panda
panda_00002.jpg, panda
panda_00308.jpg, panda
panda_00761.jpg, panda
panda_00074.jpg, panda
panda_00091.jpg, panda
panda_00243.jpg, panda
panda_00056.jpg, panda
panda_00270.jpg, panda
panda_00306.jpg, panda
panda_00318.jpg, panda
panda_00576.jpg, panda
panda_00967.jpg, panda
panda_00406.jpg, panda
panda_00065.jpg, panda
panda_00395.jpg, panda
panda_00004.jpg, panda
panda_00790.jpg, panda
panda_00922.jpg, panda
panda_00722.jpg, panda
panda_00078.jpg, panda
panda_00397.jpg, panda
panda_00828.jpg, panda
panda_00835.jpg, panda
panda_00123.jpg, panda
panda_00808.jpg, panda
panda_00052.jpg, panda
panda_00185.jpg, panda
panda_00878.jpg, panda
panda_00291.jpg, panda
panda_00735.jpg, panda
panda_00271.jpg, panda
panda_00991.jpg, panda
panda_00798.jpg, panda
panda_00187.jpg, panda
panda_00364.jpg, panda
panda_00566.jpg, panda
panda_00750.jpg, panda
panda_00446.jpg, panda
panda_00298.jpg, panda
panda_00853.jpg, panda
panda_00616.jpg, panda
panda_00862.jpg, panda
panda_00749.jpg, panda
panda_00825.jpg, panda
panda_00342.jpg, panda
panda_00984.jpg, panda
panda_00711.jpg, panda
panda_00278.jpg, panda
panda_00471.jpg, panda
panda_00867.jpg, panda
panda_00017.jpg, panda
panda_00605.jpg, panda
panda_00600.jpg, panda
panda_00816.jpg, panda
panda_00320.jpg, panda
panda_00259.jpg, panda
panda_00014.jpg, panda
panda_00948.jpg, panda
panda_00303.jpg, panda
panda_00784.jpg, panda
panda_00646.jpg, panda
panda_00648.jpg, panda
panda_00997.jpg, panda
panda_00702.jpg, panda
panda_00674.jpg, panda
panda_00192.jpg, panda
panda_00819.jpg, panda
panda_00845.jpg, panda
panda_00968.jpg, panda
panda_00561.jpg, panda
panda_00527.jpg, panda
panda_00093.jpg, panda
panda_00411.jpg, panda
panda_00432.jpg, panda
panda_00579.jpg, panda
panda_00513.jpg, panda
panda_00592.jpg, panda
panda_00370.jpg, panda
panda_00593.jpg, panda
panda_00783.jpg, panda
panda_00459.jpg, panda
panda_00625.jpg, panda
panda_00057.jpg, panda
panda_00256.jpg, panda
panda_00630.jpg, panda
panda_00037.jpg, panda
panda_00452.jpg, panda
panda_00548.jpg, panda
panda_00077.jpg, panda
panda_00311.jpg, panda
panda_00283.jpg, panda
dogs_00498.jpg, dogs
dogs_00771.jpg, dogs
dogs_00314.jpg, dogs
dogs_00292.jpg, dogs
dogs_00877.jpg, dogs
dogs_00472.jpg, dogs
dogs_00960.jpg, dogs
dogs_00209.jpg, dogs
dogs_00635.jpg, dogs
dogs_00995.jpg, dogs
dogs_00818.jpg, dogs
dogs_00715.jpg, dogs
dogs_00795.jpg, dogs
dogs_00323.jpg, dogs
dogs_00298.jpg, dogs
dogs_00964.jpg, dogs
dogs_00457.jpg, dogs
dogs_00372.jpg, dogs
dogs_00110.jpg, dogs
dogs_00097.jpg, dogs
dogs_00208.jpg, dogs
dogs_00993.jpg, dogs
dogs_00281.jpg, dogs
dogs_00861.jpg, dogs
dogs_00856.jpg, dogs
dogs_00992.jpg, dogs
dogs_00210.jpg, dogs
dogs_00670.jpg, dogs
dogs_00569.jpg, dogs
dogs_00905.jpg, dogs
dogs_00073.jpg, dogs
dogs_00492.jpg, dogs
dogs_00280.jpg, dogs
dogs_00872.jpg, dogs
dogs_00750.jpg, dogs
dogs_00873.jpg, dogs
dogs_00386.jpg, dogs
dogs_00343.jpg, dogs
dogs_00611.jpg, dogs
dogs_00934.jpg, dogs
dogs_00408.jpg, dogs
dogs_00780.jpg, dogs
dogs_00118.jpg, dogs
dogs_00140.jpg, dogs
dogs_00361.jpg, dogs
dogs_00843.jpg, dogs
dogs_00418.jpg, dogs
dogs_00989.jpg, dogs
dogs_00052.jpg, dogs
dogs_00694.jpg, dogs
dogs_00054.jpg, dogs
dogs_00427.jpg, dogs
dogs_00535.jpg, dogs
dogs_00560.jpg, dogs
dogs_00445.jpg, dogs
dogs_00148.jpg, dogs
dogs_00806.jpg, dogs
dogs_00786.jpg, dogs
dogs_00368.jpg, dogs
dogs_00601.jpg, dogs
dogs_00259.jpg, dogs
dogs_00080.jpg, dogs
dogs_00940.jpg, dogs
dogs_00017.jpg, dogs
dogs_00466.jpg, dogs
dogs_00297.jpg, dogs
dogs_00233.jpg, dogs
dogs_00953.jpg, dogs
dogs_00051.jpg, dogs
dogs_00906.jpg, dogs
dogs_00679.jpg, dogs
dogs_00201.jpg, dogs
dogs_00962.jpg, dogs
dogs_00307.jpg, dogs
dogs_00951.jpg, dogs
dogs_00999.jpg, dogs
dogs_00895.jpg, dogs
dogs_00267.jpg, dogs
dogs_00965.jpg, dogs
dogs_00736.jpg, dogs
dogs_00392.jpg, dogs
dogs_00557.jpg, dogs
dogs_00860.jpg, dogs
dogs_00141.jpg, dogs
dogs_00550.jpg, dogs
dogs_00303.jpg, dogs
dogs_00998.jpg, dogs
dogs_00040.jpg, dogs
dogs_01000.jpg, dogs
dogs_00935.jpg, dogs
dogs_00130.jpg, dogs
dogs_00157.jpg, dogs
dogs_00240.jpg, dogs
dogs_00226.jpg, dogs
dogs_00942.jpg, dogs
dogs_00788.jpg, dogs
dogs_00921.jpg, dogs
dogs_00104.jpg, dogs
dogs_00747.jpg, dogs
dogs_00556.jpg, dogs
dogs_00622.jpg, dogs
dogs_00161.jpg, dogs
dogs_00644.jpg, dogs
dogs_00253.jpg, dogs
dogs_00115.jpg, dogs
dogs_00724.jpg, dogs
dogs_00607.jpg, dogs
dogs_00076.jpg, dogs
dogs_00810.jpg, dogs
dogs_00831.jpg, dogs
dogs_00399.jpg, dogs
dogs_00079.jpg, dogs
dogs_00585.jpg, dogs
dogs_00571.jpg, dogs
dogs_00459.jpg, dogs
dogs_00162.jpg, dogs
dogs_00712.jpg, dogs
dogs_00489.jpg, dogs
dogs_00284.jpg, dogs
dogs_00355.jpg, dogs
dogs_00063.jpg, dogs
dogs_00538.jpg, dogs
dogs_00482.jpg, dogs
dogs_00527.jpg, dogs
dogs_00603.jpg, dogs
dogs_00039.jpg, dogs
dogs_00800.jpg, dogs
dogs_00296.jpg, dogs
dogs_00631.jpg, dogs
dogs_00975.jpg, dogs
dogs_00200.jpg, dogs
dogs_00520.jpg, dogs
dogs_00807.jpg, dogs
dogs_00787.jpg, dogs
dogs_00908.jpg, dogs
dogs_00096.jpg, dogs
dogs_00057.jpg, dogs
dogs_00896.jpg, dogs
dogs_00304.jpg, dogs
dogs_00753.jpg, dogs
dogs_00333.jpg, dogs
dogs_00245.jpg, dogs
dogs_00586.jpg, dogs
dogs_00101.jpg, dogs
dogs_00884.jpg, dogs
dogs_00354.jpg, dogs
dogs_00421.jpg, dogs
dogs_00846.jpg, dogs
dogs_00985.jpg, dogs
dogs_00405.jpg, dogs
dogs_00645.jpg, dogs
dogs_00549.jpg, dogs
dogs_00474.jpg, dogs
dogs_00389.jpg, dogs
dogs_00570.jpg, dogs
dogs_00337.jpg, dogs
dogs_00103.jpg, dogs
dogs_00502.jpg, dogs
dogs_00695.jpg, dogs
dogs_00197.jpg, dogs
dogs_00978.jpg, dogs
dogs_00943.jpg, dogs
dogs_00430.jpg, dogs
dogs_00404.jpg, dogs
dogs_00561.jpg, dogs
dogs_00279.jpg, dogs
dogs_00034.jpg, dogs
dogs_00830.jpg, dogs
dogs_00639.jpg, dogs
dogs_00009.jpg, dogs
dogs_00932.jpg, dogs
dogs_00471.jpg, dogs
dogs_00168.jpg, dogs
dogs_00212.jpg, dogs
dogs_00506.jpg, dogs
dogs_00217.jpg, dogs
dogs_00796.jpg, dogs
dogs_00825.jpg, dogs
dogs_00582.jpg, dogs
dogs_00380.jpg, dogs
dogs_00606.jpg, dogs
dogs_00431.jpg, dogs
dogs_00443.jpg, dogs
dogs_00524.jpg, dogs
dogs_00158.jpg, dogs
dogs_00302.jpg, dogs
dogs_00178.jpg, dogs
dogs_00650.jpg, dogs
dogs_00961.jpg, dogs
dogs_00748.jpg, dogs
dogs_00876.jpg, dogs
dogs_00331.jpg, dogs
dogs_00185.jpg, dogs
dogs_00657.jpg, dogs
dogs_00363.jpg, dogs
dogs_00614.jpg, dogs
dogs_00191.jpg, dogs
dogs_00573.jpg, dogs
dogs_00163.jpg, dogs
dogs_00615.jpg, dogs
dogs_00558.jpg, dogs
dogs_00334.jpg, dogs
dogs_00853.jpg, dogs
dogs_00356.jpg, dogs
dogs_00295.jpg, dogs
dogs_00744.jpg, dogs
dogs_00958.jpg, dogs
dogs_00546.jpg, dogs
dogs_00435.jpg, dogs
dogs_00782.jpg, dogs
dogs_00348.jpg, dogs
dogs_00496.jpg, dogs
dogs_00382.jpg, dogs
dogs_00714.jpg, dogs
dogs_00997.jpg, dogs
dogs_00655.jpg, dogs
dogs_00160.jpg, dogs
dogs_00841.jpg, dogs
dogs_00739.jpg, dogs
dogs_00986.jpg, dogs
dogs_00358.jpg, dogs
dogs_00243.jpg, dogs
dogs_00188.jpg, dogs
dogs_00081.jpg, dogs
dogs_00090.jpg, dogs
dogs_00359.jpg, dogs
dogs_00541.jpg, dogs
dogs_00539.jpg, dogs
dogs_00172.jpg, dogs
dogs_00900.jpg, dogs
dogs_00551.jpg, dogs
dogs_00006.jpg, dogs
dogs_00396.jpg, dogs
dogs_00075.jpg, dogs
dogs_00373.jpg, dogs
dogs_00578.jpg, dogs
dogs_00973.jpg, dogs
dogs_00779.jpg, dogs
dogs_00424.jpg, dogs
dogs_00669.jpg, dogs
dogs_00346.jpg, dogs
dogs_00376.jpg, dogs
dogs_00974.jpg, dogs
dogs_00385.jpg, dogs
dogs_00648.jpg, dogs
dogs_00668.jpg, dogs
dogs_00455.jpg, dogs
dogs_00617.jpg, dogs
dogs_00864.jpg, dogs
dogs_00322.jpg, dogs
dogs_00175.jpg, dogs
dogs_00464.jpg, dogs
dogs_00470.jpg, dogs
dogs_00678.jpg, dogs
dogs_00142.jpg, dogs
dogs_00083.jpg, dogs
dogs_00633.jpg, dogs
dogs_00977.jpg, dogs
dogs_00685.jpg, dogs
dogs_00801.jpg, dogs
dogs_00789.jpg, dogs
dogs_00907.jpg, dogs
dogs_00774.jpg, dogs
dogs_00565.jpg, dogs
dogs_00222.jpg, dogs
dogs_00169.jpg, dogs
dogs_00984.jpg, dogs
dogs_00822.jpg, dogs
dogs_00707.jpg, dogs
dogs_00485.jpg, dogs
dogs_00282.jpg, dogs
dogs_00138.jpg, dogs
dogs_00630.jpg, dogs
dogs_00460.jpg, dogs
dogs_00803.jpg, dogs
dogs_00059.jpg, dogs
dogs_00638.jpg, dogs
dogs_00231.jpg, dogs
dogs_00802.jpg, dogs
dogs_00458.jpg, dogs
dogs_00946.jpg, dogs
dogs_00738.jpg, dogs
dogs_00562.jpg, dogs
dogs_00991.jpg, dogs
dogs_00125.jpg, dogs
dogs_00362.jpg, dogs
dogs_00010.jpg, dogs
dogs_00028.jpg, dogs
dogs_00450.jpg, dogs
dogs_00969.jpg, dogs
dogs_00875.jpg, dogs
dogs_00044.jpg, dogs
dogs_00068.jpg, dogs
dogs_00862.jpg, dogs
dogs_00929.jpg, dogs
dogs_00383.jpg, dogs
dogs_00050.jpg, dogs
dogs_00308.jpg, dogs
dogs_00461.jpg, dogs
dogs_00733.jpg, dogs
dogs_00544.jpg, dogs
dogs_00121.jpg, dogs
dogs_00790.jpg, dogs
dogs_00357.jpg, dogs
dogs_00365.jpg, dogs
dogs_00480.jpg, dogs
dogs_00845.jpg, dogs
dogs_00839.jpg, dogs
dogs_00483.jpg, dogs
dogs_00043.jpg, dogs
dogs_00406.jpg, dogs
dogs_00850.jpg, dogs
dogs_00823.jpg, dogs
dogs_00814.jpg, dogs
dogs_00683.jpg, dogs
dogs_00902.jpg, dogs
dogs_00811.jpg, dogs
dogs_00855.jpg, dogs
dogs_00499.jpg, dogs
dogs_00273.jpg, dogs
dogs_00446.jpg, dogs
dogs_00591.jpg, dogs
dogs_00031.jpg, dogs
dogs_00123.jpg, dogs
dogs_00871.jpg, dogs
dogs_00479.jpg, dogs
dogs_00783.jpg, dogs
dogs_00313.jpg, dogs
dogs_00922.jpg, dogs
dogs_00664.jpg, dogs
dogs_00164.jpg, dogs
dogs_00111.jpg, dogs
dogs_00837.jpg, dogs
dogs_00643.jpg, dogs
dogs_00769.jpg, dogs
dogs_00448.jpg, dogs
dogs_00268.jpg, dogs
dogs_00182.jpg, dogs
dogs_00271.jpg, dogs
dogs_00378.jpg, dogs
dogs_00824.jpg, dogs
dogs_00254.jpg, dogs
dogs_00341.jpg, dogs
dogs_00183.jpg, dogs
dogs_00880.jpg, dogs
dogs_00696.jpg, dogs
dogs_00665.jpg, dogs
dogs_00624.jpg, dogs
dogs_00388.jpg, dogs
dogs_00067.jpg, dogs
dogs_00321.jpg, dogs
dogs_00167.jpg, dogs
dogs_00145.jpg, dogs
dogs_00952.jpg, dogs
dogs_00834.jpg, dogs
dogs_00531.jpg, dogs
dogs_00352.jpg, dogs
dogs_00584.jpg, dogs
dogs_00941.jpg, dogs
dogs_00476.jpg, dogs
dogs_00204.jpg, dogs
dogs_00702.jpg, dogs
dogs_00047.jpg, dogs
dogs_00199.jpg, dogs
dogs_00927.jpg, dogs
dogs_00646.jpg, dogs
dogs_00919.jpg, dogs
dogs_00581.jpg, dogs
dogs_00414.jpg, dogs
dogs_00020.jpg, dogs
dogs_00494.jpg, dogs
dogs_00619.jpg, dogs
dogs_00143.jpg, dogs
dogs_00545.jpg, dogs
dogs_00673.jpg, dogs
dogs_00049.jpg, dogs
dogs_00170.jpg, dogs
dogs_00791.jpg, dogs
dogs_00095.jpg, dogs
dogs_00604.jpg, dogs
dogs_00547.jpg, dogs
dogs_00597.jpg, dogs
dogs_00511.jpg, dogs
dogs_00391.jpg, dogs
dogs_00904.jpg, dogs
dogs_00628.jpg, dogs
dogs_00055.jpg, dogs
dogs_00651.jpg, dogs
dogs_00979.jpg, dogs
dogs_00062.jpg, dogs
dogs_00594.jpg, dogs
dogs_00910.jpg, dogs
dogs_00070.jpg, dogs
dogs_00532.jpg, dogs
dogs_00659.jpg, dogs
dogs_00349.jpg, dogs
dogs_00493.jpg, dogs
dogs_00580.jpg, dogs
dogs_00058.jpg, dogs
dogs_00468.jpg, dogs
dogs_00649.jpg, dogs
dogs_00899.jpg, dogs
dogs_00360.jpg, dogs
dogs_00820.jpg, dogs
dogs_00375.jpg, dogs
dogs_00568.jpg, dogs
dogs_00704.jpg, dogs
dogs_00981.jpg, dogs
dogs_00805.jpg, dogs
dogs_00053.jpg, dogs
dogs_00728.jpg, dogs
dogs_00244.jpg, dogs
dogs_00742.jpg, dogs
dogs_00994.jpg, dogs
dogs_00002.jpg, dogs
dogs_00540.jpg, dogs
dogs_00691.jpg, dogs
dogs_00536.jpg, dogs
dogs_00641.jpg, dogs
dogs_00305.jpg, dogs
dogs_00473.jpg, dogs
dogs_00621.jpg, dogs
dogs_00347.jpg, dogs
dogs_00883.jpg, dogs
dogs_00813.jpg, dogs
dogs_00980.jpg, dogs
dogs_00663.jpg, dogs
dogs_00442.jpg, dogs
dogs_00397.jpg, dogs
dogs_00326.jpg, dogs
dogs_00727.jpg, dogs
dogs_00507.jpg, dogs
dogs_00390.jpg, dogs
dogs_00760.jpg, dogs
dogs_00925.jpg, dogs
dogs_00278.jpg, dogs
dogs_00526.jpg, dogs
dogs_00135.jpg, dogs
dogs_00817.jpg, dogs
dogs_00420.jpg, dogs
dogs_00770.jpg, dogs
dogs_00996.jpg, dogs
dogs_00878.jpg, dogs
dogs_00340.jpg, dogs
dogs_00596.jpg, dogs
dogs_00332.jpg, dogs
dogs_00525.jpg, dogs
dogs_00229.jpg, dogs
dogs_00609.jpg, dogs
dogs_00602.jpg, dogs
dogs_00610.jpg, dogs
dogs_00176.jpg, dogs
dogs_00666.jpg, dogs
dogs_00868.jpg, dogs
dogs_00647.jpg, dogs
dogs_00521.jpg, dogs
dogs_00857.jpg, dogs
dogs_00345.jpg, dogs
dogs_00798.jpg, dogs
dogs_00215.jpg, dogs
dogs_00719.jpg, dogs
dogs_00693.jpg, dogs
dogs_00364.jpg, dogs
dogs_00086.jpg, dogs
dogs_00563.jpg, dogs
dogs_00642.jpg, dogs
dogs_00113.jpg, dogs
dogs_00046.jpg, dogs
dogs_00029.jpg, dogs
dogs_00150.jpg, dogs
dogs_00699.jpg, dogs
dogs_00731.jpg, dogs
dogs_00963.jpg, dogs
dogs_00105.jpg, dogs
dogs_00627.jpg, dogs
dogs_00219.jpg, dogs
dogs_00662.jpg, dogs
dogs_00021.jpg, dogs
dogs_00827.jpg, dogs
dogs_00228.jpg, dogs
dogs_00225.jpg, dogs
dogs_00634.jpg, dogs
dogs_00109.jpg, dogs
dogs_00949.jpg, dogs
dogs_00613.jpg, dogs
dogs_00608.jpg, dogs
dogs_00722.jpg, dogs
dogs_00542.jpg, dogs
dogs_00966.jpg, dogs
dogs_00916.jpg, dogs
dogs_00654.jpg, dogs
dogs_00829.jpg, dogs
dogs_00661.jpg, dogs
dogs_00690.jpg, dogs
dogs_00749.jpg, dogs
dogs_00768.jpg, dogs
dogs_00007.jpg, dogs
dogs_00224.jpg, dogs
dogs_00015.jpg, dogs
dogs_00781.jpg, dogs
dogs_00456.jpg, dogs
dogs_00711.jpg, dogs
dogs_00785.jpg, dogs
dogs_00339.jpg, dogs
dogs_00060.jpg, dogs
dogs_00854.jpg, dogs
dogs_00407.jpg, dogs
dogs_00705.jpg, dogs
dogs_00206.jpg, dogs
dogs_00291.jpg, dogs
dogs_00127.jpg, dogs
dogs_00166.jpg, dogs
dogs_00629.jpg, dogs
dogs_00262.jpg, dogs
dogs_00912.jpg, dogs
dogs_00465.jpg, dogs
dogs_00078.jpg, dogs
dogs_00849.jpg, dogs
dogs_00033.jpg, dogs
dogs_00529.jpg, dogs
dogs_00890.jpg, dogs
dogs_00703.jpg, dogs
dogs_00256.jpg, dogs
dogs_00588.jpg, dogs
dogs_00858.jpg, dogs
dogs_00721.jpg, dogs
dogs_00982.jpg, dogs
dogs_00759.jpg, dogs
dogs_00119.jpg, dogs
dogs_00013.jpg, dogs
dogs_00968.jpg, dogs
dogs_00842.jpg, dogs
dogs_00684.jpg, dogs
dogs_00713.jpg, dogs
dogs_00956.jpg, dogs
dogs_00152.jpg, dogs
dogs_00451.jpg, dogs
dogs_00508.jpg, dogs
dogs_00765.jpg, dogs
dogs_00794.jpg, dogs
dogs_00826.jpg, dogs
dogs_00107.jpg, dogs
dogs_00680.jpg, dogs
dogs_00351.jpg, dogs
dogs_00891.jpg, dogs
dogs_00151.jpg, dogs
dogs_00729.jpg, dogs
dogs_00174.jpg, dogs
dogs_00065.jpg, dogs
dogs_00808.jpg, dogs
dogs_00716.jpg, dogs
dogs_00725.jpg, dogs
dogs_00866.jpg, dogs
dogs_00027.jpg, dogs
dogs_00008.jpg, dogs
dogs_00918.jpg, dogs
dogs_00590.jpg, dogs
dogs_00056.jpg, dogs
dogs_00833.jpg, dogs
dogs_00026.jpg, dogs
dogs_00283.jpg, dogs
dogs_00019.jpg, dogs
dogs_00184.jpg, dogs
dogs_00155.jpg, dogs
dogs_00230.jpg, dogs
dogs_00036.jpg, dogs
dogs_00071.jpg, dogs
dogs_00398.jpg, dogs
dogs_00658.jpg, dogs
dogs_00931.jpg, dogs
dogs_00463.jpg, dogs
dogs_00763.jpg, dogs
dogs_00686.jpg, dogs
dogs_00886.jpg, dogs
dogs_00599.jpg, dogs
dogs_00920.jpg, dogs
dogs_00870.jpg, dogs
dogs_00836.jpg, dogs
dogs_00687.jpg, dogs
dogs_00187.jpg, dogs
dogs_00227.jpg, dogs
dogs_00947.jpg, dogs
dogs_00415.jpg, dogs
dogs_00426.jpg, dogs
dogs_00255.jpg, dogs
dogs_00425.jpg, dogs
dogs_00173.jpg, dogs
dogs_00797.jpg, dogs
dogs_00249.jpg, dogs
dogs_00559.jpg, dogs
dogs_00066.jpg, dogs
dogs_00477.jpg, dogs
dogs_00514.jpg, dogs
dogs_00236.jpg, dogs
dogs_00522.jpg, dogs
dogs_00761.jpg, dogs
dogs_00409.jpg, dogs
dogs_00269.jpg, dogs
dogs_00637.jpg, dogs
dogs_00180.jpg, dogs
dogs_00293.jpg, dogs
dogs_00257.jpg, dogs
dogs_00971.jpg, dogs
dogs_00429.jpg, dogs
dogs_00889.jpg, dogs
dogs_00737.jpg, dogs
dogs_00812.jpg, dogs
dogs_00809.jpg, dogs
dogs_00092.jpg, dogs
dogs_00402.jpg, dogs
dogs_00487.jpg, dogs
dogs_00048.jpg, dogs
dogs_00543.jpg, dogs
dogs_00772.jpg, dogs
dogs_00144.jpg, dogs
dogs_00859.jpg, dogs
dogs_00692.jpg, dogs
dogs_00874.jpg, dogs
dogs_00698.jpg, dogs
dogs_00438.jpg, dogs
dogs_00094.jpg, dogs
dogs_00697.jpg, dogs
dogs_00147.jpg, dogs
dogs_00990.jpg, dogs
dogs_00004.jpg, dogs
dogs_00116.jpg, dogs
dogs_00924.jpg, dogs
dogs_00342.jpg, dogs
dogs_00523.jpg, dogs
dogs_00936.jpg, dogs
dogs_00881.jpg, dogs
dogs_00652.jpg, dogs
dogs_00189.jpg, dogs
dogs_00374.jpg, dogs
dogs_00087.jpg, dogs
dogs_00093.jpg, dogs
dogs_00528.jpg, dogs
dogs_00484.jpg, dogs
dogs_00329.jpg, dogs
dogs_00393.jpg, dogs
dogs_00887.jpg, dogs
dogs_00848.jpg, dogs
dogs_00286.jpg, dogs
dogs_00675.jpg, dogs
dogs_00441.jpg, dogs
dogs_00310.jpg, dogs
dogs_00944.jpg, dogs
dogs_00131.jpg, dogs
dogs_00216.jpg, dogs
dogs_00171.jpg, dogs
dogs_00751.jpg, dogs
dogs_00452.jpg, dogs
dogs_00011.jpg, dogs
dogs_00911.jpg, dogs
dogs_00102.jpg, dogs
dogs_00350.jpg, dogs
dogs_00835.jpg, dogs
dogs_00260.jpg, dogs
dogs_00335.jpg, dogs
dogs_00865.jpg, dogs
dogs_00467.jpg, dogs
dogs_00605.jpg, dogs
dogs_00612.jpg, dogs
dogs_00762.jpg, dogs
dogs_00301.jpg, dogs
dogs_00022.jpg, dogs
dogs_00600.jpg, dogs
dogs_00453.jpg, dogs
dogs_00867.jpg, dogs
dogs_00128.jpg, dogs
dogs_00203.jpg, dogs
dogs_00156.jpg, dogs
dogs_00745.jpg, dogs
dogs_00915.jpg, dogs
dogs_00926.jpg, dogs
dogs_00120.jpg, dogs
dogs_00735.jpg, dogs
dogs_00852.jpg, dogs
dogs_00239.jpg, dogs
dogs_00734.jpg, dogs
dogs_00248.jpg, dogs
dogs_00636.jpg, dogs
dogs_00315.jpg, dogs
dogs_00038.jpg, dogs
dogs_00439.jpg, dogs
dogs_00988.jpg, dogs
dogs_00153.jpg, dogs
dogs_00579.jpg, dogs
dogs_00987.jpg, dogs
dogs_00377.jpg, dogs
dogs_00732.jpg, dogs
dogs_00815.jpg, dogs
dogs_00395.jpg, dogs
dogs_00517.jpg, dogs
dogs_00241.jpg, dogs
dogs_00844.jpg, dogs
dogs_00400.jpg, dogs
dogs_00741.jpg, dogs
dogs_00959.jpg, dogs
dogs_00574.jpg, dogs
dogs_00723.jpg, dogs
dogs_00515.jpg, dogs
dogs_00324.jpg, dogs
dogs_00433.jpg, dogs
dogs_00799.jpg, dogs
dogs_00196.jpg, dogs
dogs_00983.jpg, dogs
dogs_00903.jpg, dogs
dogs_00572.jpg, dogs
dogs_00287.jpg, dogs
dogs_00272.jpg, dogs
dogs_00192.jpg, dogs
dogs_00238.jpg, dogs
dogs_00289.jpg, dogs
dogs_00620.jpg, dogs
dogs_00440.jpg, dogs
dogs_00132.jpg, dogs
dogs_00082.jpg, dogs
dogs_00513.jpg, dogs
dogs_00344.jpg, dogs
dogs_00869.jpg, dogs
dogs_00246.jpg, dogs
dogs_00207.jpg, dogs
dogs_00261.jpg, dogs
dogs_00108.jpg, dogs
dogs_00689.jpg, dogs
dogs_00100.jpg, dogs
dogs_00045.jpg, dogs
dogs_00114.jpg, dogs
dogs_00064.jpg, dogs
dogs_00954.jpg, dogs
dogs_00595.jpg, dogs
dogs_00328.jpg, dogs
dogs_00251.jpg, dogs
dogs_00384.jpg, dogs
dogs_00242.jpg, dogs
dogs_00564.jpg, dogs
dogs_00190.jpg, dogs
dogs_00533.jpg, dogs
dogs_00016.jpg, dogs
dogs_00976.jpg, dogs
dogs_00618.jpg, dogs
dogs_00099.jpg, dogs
dogs_00370.jpg, dogs
dogs_00413.jpg, dogs
dogs_00126.jpg, dogs
dogs_00777.jpg, dogs
dogs_00214.jpg, dogs
dogs_00892.jpg, dogs
dogs_00042.jpg, dogs
dogs_00894.jpg, dogs
dogs_00309.jpg, dogs
dogs_00223.jpg, dogs
dogs_00504.jpg, dogs
dogs_00583.jpg, dogs
dogs_00133.jpg, dogs
dogs_00177.jpg, dogs
dogs_00708.jpg, dogs
dogs_00436.jpg, dogs
dogs_00718.jpg, dogs
dogs_00948.jpg, dogs
dogs_00681.jpg, dogs
dogs_00764.jpg, dogs
dogs_00816.jpg, dogs
dogs_00318.jpg, dogs
dogs_00626.jpg, dogs
dogs_00195.jpg, dogs
dogs_00490.jpg, dogs
dogs_00247.jpg, dogs
dogs_00972.jpg, dogs
dogs_00124.jpg, dogs
dogs_00593.jpg, dogs
dogs_00290.jpg, dogs
dogs_00237.jpg, dogs
dogs_00667.jpg, dogs
dogs_00957.jpg, dogs
dogs_00299.jpg, dogs
dogs_00112.jpg, dogs
dogs_00509.jpg, dogs
dogs_00674.jpg, dogs
dogs_00037.jpg, dogs
dogs_00003.jpg, dogs
dogs_00423.jpg, dogs
dogs_00410.jpg, dogs
dogs_00478.jpg, dogs
dogs_00486.jpg, dogs
dogs_00700.jpg, dogs
dogs_00755.jpg, dogs
dogs_00024.jpg, dogs
dogs_00149.jpg, dogs
dogs_00819.jpg, dogs
dogs_00186.jpg, dogs
dogs_00804.jpg, dogs
dogs_00676.jpg, dogs
dogs_00481.jpg, dogs
dogs_00353.jpg, dogs
dogs_00136.jpg, dogs
dogs_00379.jpg, dogs
dogs_00757.jpg, dogs
dogs_00475.jpg, dogs
dogs_00403.jpg, dogs
dogs_00381.jpg, dogs
dogs_00213.jpg, dogs
dogs_00632.jpg, dogs
dogs_00537.jpg, dogs
dogs_00035.jpg, dogs
dogs_00778.jpg, dogs
dogs_00449.jpg, dogs
dogs_00928.jpg, dogs
dogs_00893.jpg, dogs
dogs_00793.jpg, dogs
dogs_00117.jpg, dogs
dogs_00265.jpg, dogs
dogs_00327.jpg, dogs
dogs_00122.jpg, dogs
dogs_00250.jpg, dogs
dogs_00576.jpg, dogs
dogs_00828.jpg, dogs
dogs_00497.jpg, dogs
dogs_00888.jpg, dogs
dogs_00252.jpg, dogs
dogs_00717.jpg, dogs
dogs_00950.jpg, dogs
dogs_00469.jpg, dogs
dogs_00792.jpg, dogs
dogs_00930.jpg, dogs
dogs_00740.jpg, dogs
dogs_00316.jpg, dogs
dogs_00276.jpg, dogs
dogs_00706.jpg, dogs
dogs_00688.jpg, dogs
dogs_00137.jpg, dogs
dogs_00767.jpg, dogs
dogs_00165.jpg, dogs
dogs_00752.jpg, dogs
dogs_00088.jpg, dogs
dogs_00218.jpg, dogs
dogs_00746.jpg, dogs
dogs_00505.jpg, dogs
dogs_00106.jpg, dogs
dogs_00274.jpg, dogs
dogs_00653.jpg, dogs
dogs_00146.jpg, dogs
dogs_00898.jpg, dogs
dogs_00232.jpg, dogs
dogs_00401.jpg, dogs
dogs_00775.jpg, dogs
dogs_00338.jpg, dogs
dogs_00371.jpg, dogs
dogs_00285.jpg, dogs
dogs_00553.jpg, dogs
dogs_00671.jpg, dogs
dogs_00587.jpg, dogs
dogs_00766.jpg, dogs
dogs_00552.jpg, dogs
dogs_00312.jpg, dogs
dogs_00411.jpg, dogs
dogs_00909.jpg, dogs
dogs_00077.jpg, dogs
dogs_00758.jpg, dogs
dogs_00933.jpg, dogs
dogs_00488.jpg, dogs
dogs_00294.jpg, dogs
dogs_00387.jpg, dogs
dogs_00275.jpg, dogs
dogs_00501.jpg, dogs
dogs_00616.jpg, dogs
dogs_00821.jpg, dogs
dogs_00159.jpg, dogs
dogs_00495.jpg, dogs
dogs_00885.jpg, dogs
dogs_00660.jpg, dogs
dogs_00534.jpg, dogs
dogs_00832.jpg, dogs
dogs_00417.jpg, dogs
dogs_00085.jpg, dogs
dogs_00444.jpg, dogs
dogs_00434.jpg, dogs
dogs_00863.jpg, dogs
dogs_00234.jpg, dogs
dogs_00202.jpg, dogs
dogs_00503.jpg, dogs
dogs_00394.jpg, dogs
dogs_00701.jpg, dogs
dogs_00311.jpg, dogs
dogs_00913.jpg, dogs
dogs_00416.jpg, dogs
dogs_00709.jpg, dogs
dogs_00589.jpg, dogs
dogs_00730.jpg, dogs
dogs_00139.jpg, dogs
dogs_00726.jpg, dogs
dogs_00264.jpg, dogs
dogs_00462.jpg, dogs
dogs_00970.jpg, dogs
dogs_00548.jpg, dogs
dogs_00412.jpg, dogs
dogs_00069.jpg, dogs
dogs_00519.jpg, dogs
dogs_00428.jpg, dogs
dogs_00211.jpg, dogs
dogs_00300.jpg, dogs
dogs_00640.jpg, dogs
dogs_00575.jpg, dogs
dogs_00512.jpg, dogs
dogs_00263.jpg, dogs
dogs_00447.jpg, dogs
dogs_00784.jpg, dogs
dogs_00967.jpg, dogs
dogs_00914.jpg, dogs
dogs_00194.jpg, dogs
dogs_00317.jpg, dogs
dogs_00939.jpg, dogs
dogs_00320.jpg, dogs
dogs_00743.jpg, dogs
dogs_00005.jpg, dogs
dogs_00198.jpg, dogs
dogs_00074.jpg, dogs
dogs_00089.jpg, dogs
dogs_00154.jpg, dogs
dogs_00437.jpg, dogs
dogs_00179.jpg, dogs
dogs_00923.jpg, dogs
dogs_00366.jpg, dogs
dogs_00682.jpg, dogs
dogs_00710.jpg, dogs
dogs_00129.jpg, dogs
dogs_00851.jpg, dogs
dogs_00937.jpg, dogs
dogs_00030.jpg, dogs
dogs_00018.jpg, dogs
dogs_00084.jpg, dogs
dogs_00454.jpg, dogs
dogs_00566.jpg, dogs
dogs_00625.jpg, dogs
dogs_00555.jpg, dogs
dogs_00623.jpg, dogs
dogs_00754.jpg, dogs
dogs_00510.jpg, dogs
dogs_00756.jpg, dogs
dogs_00879.jpg, dogs
dogs_00567.jpg, dogs
dogs_00672.jpg, dogs
dogs_00014.jpg, dogs
dogs_00530.jpg, dogs
dogs_00882.jpg, dogs
dogs_00938.jpg, dogs
dogs_00367.jpg, dogs
dogs_00419.jpg, dogs
dogs_00945.jpg, dogs
dogs_00061.jpg, dogs
dogs_00518.jpg, dogs
dogs_00091.jpg, dogs
dogs_00840.jpg, dogs
dogs_00773.jpg, dogs
dogs_00776.jpg, dogs
dogs_00838.jpg, dogs
dogs_00720.jpg, dogs
dogs_00901.jpg, dogs
dogs_00277.jpg, dogs
dogs_00598.jpg, dogs
dogs_00193.jpg, dogs
dogs_00577.jpg, dogs
dogs_00917.jpg, dogs
dogs_00012.jpg, dogs
dogs_00032.jpg, dogs
dogs_00181.jpg, dogs
dogs_00288.jpg, dogs
dogs_00847.jpg, dogs
dogs_00422.jpg, dogs
dogs_00266.jpg, dogs
dogs_00319.jpg, dogs
dogs_00098.jpg, dogs
dogs_00023.jpg, dogs
dogs_00656.jpg, dogs
dogs_00500.jpg, dogs
dogs_00235.jpg, dogs
dogs_00134.jpg, dogs
dogs_00955.jpg, dogs
dogs_00306.jpg, dogs
dogs_00554.jpg, dogs
dogs_00330.jpg, dogs
dogs_00897.jpg, dogs
dogs_00369.jpg, dogs
dogs_00025.jpg, dogs
dogs_00516.jpg, dogs
dogs_00336.jpg, dogs
dogs_00677.jpg, dogs
dogs_00432.jpg, dogs
dogs_00205.jpg, dogs
dogs_00592.jpg, dogs
dogs_00325.jpg, dogs
dogs_00258.jpg, dogs
dogs_00221.jpg, dogs
dogs_00001.jpg, dogs
dogs_00072.jpg, dogs
dogs_00041.jpg, dogs
dogs_00270.jpg, dogs
dogs_00220.jpg, dogs
dogs_00491.jpg, dogs
cats_00147.jpg, cats
cats_00995.jpg, cats
cats_00117.jpg, cats
cats_00902.jpg, cats
cats_00153.jpg, cats
cats_00678.jpg, cats
cats_00817.jpg, cats
cats_00027.jpg, cats
cats_00257.jpg, cats
cats_00375.jpg, cats
cats_00752.jpg, cats
cats_00471.jpg, cats
cats_00019.jpg, cats
cats_00972.jpg, cats
cats_00933.jpg, cats
cats_00552.jpg, cats
cats_00239.jpg, cats
cats_00346.jpg, cats
cats_00773.jpg, cats
cats_00997.jpg, cats
cats_00891.jpg, cats
cats_00198.jpg, cats
cats_00926.jpg, cats
cats_00400.jpg, cats
cats_00869.jpg, cats
cats_00796.jpg, cats
cats_00697.jpg, cats
cats_00975.jpg, cats
cats_00167.jpg, cats
cats_00881.jpg, cats
cats_00964.jpg, cats
cats_00639.jpg, cats
cats_00429.jpg, cats
cats_00770.jpg, cats
cats_00938.jpg, cats
cats_00582.jpg, cats
cats_00340.jpg, cats
cats_00315.jpg, cats
cats_00819.jpg, cats
cats_00969.jpg, cats
cats_00650.jpg, cats
cats_00197.jpg, cats
cats_00615.jpg, cats
cats_00026.jpg, cats
cats_00208.jpg, cats
cats_00640.jpg, cats
cats_00553.jpg, cats
cats_00182.jpg, cats
cats_00814.jpg, cats
cats_00092.jpg, cats
cats_00895.jpg, cats
cats_00190.jpg, cats
cats_00631.jpg, cats
cats_00386.jpg, cats
cats_00070.jpg, cats
cats_00600.jpg, cats
cats_00100.jpg, cats
cats_00685.jpg, cats
cats_00290.jpg, cats
cats_00586.jpg, cats
cats_00699.jpg, cats
cats_00546.jpg, cats
cats_00371.jpg, cats
cats_00675.jpg, cats
cats_00562.jpg, cats
cats_00118.jpg, cats
cats_00238.jpg, cats
cats_00535.jpg, cats
cats_00725.jpg, cats
cats_00991.jpg, cats
cats_00176.jpg, cats
cats_00111.jpg, cats
cats_00455.jpg, cats
cats_00460.jpg, cats
cats_00862.jpg, cats
cats_00828.jpg, cats
cats_00876.jpg, cats
cats_00731.jpg, cats
cats_00782.jpg, cats
cats_00049.jpg, cats
cats_00342.jpg, cats
cats_00461.jpg, cats
cats_00441.jpg, cats
cats_00887.jpg, cats
cats_00774.jpg, cats
cats_00935.jpg, cats
cats_00156.jpg, cats
cats_00359.jpg, cats
cats_00063.jpg, cats
cats_00758.jpg, cats
cats_00203.jpg, cats
cats_00950.jpg, cats
cats_00822.jpg, cats
cats_00274.jpg, cats
cats_00853.jpg, cats
cats_00189.jpg, cats
cats_00554.jpg, cats
cats_00851.jpg, cats
cats_00547.jpg, cats
cats_00085.jpg, cats
cats_00020.jpg, cats
cats_00680.jpg, cats
cats_00343.jpg, cats
cats_00157.jpg, cats
cats_00254.jpg, cats
cats_00559.jpg, cats
cats_00298.jpg, cats
cats_00207.jpg, cats
cats_00360.jpg, cats
cats_00719.jpg, cats
cats_00736.jpg, cats
cats_00335.jpg, cats
cats_00916.jpg, cats
cats_00160.jpg, cats
cats_00064.jpg, cats
cats_00195.jpg, cats
cats_00017.jpg, cats
cats_00062.jpg, cats
cats_00464.jpg, cats
cats_00204.jpg, cats
cats_00879.jpg, cats
cats_00563.jpg, cats
cats_00206.jpg, cats
cats_00061.jpg, cats
cats_00866.jpg, cats
cats_00733.jpg, cats
cats_00213.jpg, cats
cats_00401.jpg, cats
cats_00353.jpg, cats
cats_00713.jpg, cats
cats_00637.jpg, cats
cats_00318.jpg, cats
cats_00772.jpg, cats
cats_00649.jpg, cats
cats_00478.jpg, cats
cats_00378.jpg, cats
cats_00415.jpg, cats
cats_00550.jpg, cats
cats_00952.jpg, cats
cats_00811.jpg, cats
cats_00676.jpg, cats
cats_00497.jpg, cats
cats_00579.jpg, cats
cats_00258.jpg, cats
cats_00269.jpg, cats
cats_00202.jpg, cats
cats_00293.jpg, cats
cats_00741.jpg, cats
cats_00489.jpg, cats
cats_00597.jpg, cats
cats_00123.jpg, cats
cats_00983.jpg, cats
cats_00865.jpg, cats
cats_00459.jpg, cats
cats_00404.jpg, cats
cats_00966.jpg, cats
cats_00549.jpg, cats
cats_00158.jpg, cats
cats_00392.jpg, cats
cats_00578.jpg, cats
cats_00944.jpg, cats
cats_00804.jpg, cats
cats_00580.jpg, cats
cats_00338.jpg, cats
cats_00856.jpg, cats
cats_00051.jpg, cats
cats_00440.jpg, cats
cats_00585.jpg, cats
cats_00494.jpg, cats
cats_00385.jpg, cats
cats_00658.jpg, cats
cats_00322.jpg, cats
cats_00324.jpg, cats
cats_00665.jpg, cats
cats_00134.jpg, cats
cats_00066.jpg, cats
cats_00647.jpg, cats
cats_00496.jpg, cats
cats_00598.jpg, cats
cats_00137.jpg, cats
cats_00377.jpg, cats
cats_00632.jpg, cats
cats_00703.jpg, cats
cats_00607.jpg, cats
cats_00947.jpg, cats
cats_00075.jpg, cats
cats_00089.jpg, cats
cats_00638.jpg, cats
cats_00486.jpg, cats
cats_00959.jpg, cats
cats_00928.jpg, cats
cats_00759.jpg, cats
cats_00956.jpg, cats
cats_00980.jpg, cats
cats_00261.jpg, cats
cats_00847.jpg, cats
cats_00215.jpg, cats
cats_00380.jpg, cats
cats_00613.jpg, cats
cats_00911.jpg, cats
cats_00005.jpg, cats
cats_00792.jpg, cats
cats_00788.jpg, cats
cats_00674.jpg, cats
cats_00074.jpg, cats
cats_00416.jpg, cats
cats_00492.jpg, cats
cats_00884.jpg, cats
cats_00065.jpg, cats
cats_00034.jpg, cats
cats_00245.jpg, cats
cats_00576.jpg, cats
cats_00537.jpg, cats
cats_00992.jpg, cats
cats_00267.jpg, cats
cats_00432.jpg, cats
cats_00361.jpg, cats
cats_00411.jpg, cats
cats_00181.jpg, cats
cats_00094.jpg, cats
cats_00744.jpg, cats
cats_00390.jpg, cats
cats_00628.jpg, cats
cats_00921.jpg, cats
cats_00854.jpg, cats
cats_00044.jpg, cats
cats_00151.jpg, cats
cats_00688.jpg, cats
cats_00485.jpg, cats
cats_00307.jpg, cats
cats_00133.jpg, cats
cats_00710.jpg, cats
cats_00225.jpg, cats
cats_00778.jpg, cats
cats_00067.jpg, cats
cats_00193.jpg, cats
cats_00979.jpg, cats
cats_00988.jpg, cats
cats_00599.jpg, cats
cats_00110.jpg, cats
cats_00691.jpg, cats
cats_00717.jpg, cats
cats_00743.jpg, cats
cats_00347.jpg, cats
cats_00568.jpg, cats
cats_00800.jpg, cats
cats_00896.jpg, cats
cats_00982.jpg, cats
cats_00125.jpg, cats
cats_00196.jpg, cats
cats_00820.jpg, cats
cats_00931.jpg, cats
cats_00898.jpg, cats
cats_00312.jpg, cats
cats_00594.jpg, cats
cats_00504.jpg, cats
cats_00023.jpg, cats
cats_00183.jpg, cats
cats_00229.jpg, cats
cats_00329.jpg, cats
cats_00128.jpg, cats
cats_00299.jpg, cats
cats_00391.jpg, cats
cats_00152.jpg, cats
cats_00395.jpg, cats
cats_00704.jpg, cats
cats_00370.jpg, cats
cats_00107.jpg, cats
cats_00506.jpg, cats
cats_00978.jpg, cats
cats_00812.jpg, cats
cats_00702.jpg, cats
cats_00374.jpg, cats
cats_00681.jpg, cats
cats_00718.jpg, cats
cats_00808.jpg, cats
cats_00141.jpg, cats
cats_00249.jpg, cats
cats_00508.jpg, cats
cats_00910.jpg, cats
cats_00447.jpg, cats
cats_00529.jpg, cats
cats_00310.jpg, cats
cats_00932.jpg, cats
cats_00219.jpg, cats
cats_00365.jpg, cats
cats_00520.jpg, cats
cats_00270.jpg, cats
cats_00667.jpg, cats
cats_00521.jpg, cats
cats_00165.jpg, cats
cats_00826.jpg, cats
cats_00934.jpg, cats
cats_00420.jpg, cats
cats_00515.jpg, cats
cats_00474.jpg, cats
cats_00191.jpg, cats
cats_00476.jpg, cats
cats_00095.jpg, cats
cats_00081.jpg, cats
cats_00127.jpg, cats
cats_00920.jpg, cats
cats_00619.jpg, cats
cats_00431.jpg, cats
cats_00859.jpg, cats
cats_00644.jpg, cats
cats_00626.jpg, cats
cats_00871.jpg, cats
cats_00760.jpg, cats
cats_00548.jpg, cats
cats_00642.jpg, cats
cats_00169.jpg, cats
cats_00149.jpg, cats
cats_00523.jpg, cats
cats_00389.jpg, cats
cats_00286.jpg, cats
cats_00635.jpg, cats
cats_00068.jpg, cats
cats_00514.jpg, cats
cats_00246.jpg, cats
cats_00079.jpg, cats
cats_00566.jpg, cats
cats_00305.jpg, cats
cats_00593.jpg, cats
cats_00221.jpg, cats
cats_00715.jpg, cats
cats_00103.jpg, cats
cats_00454.jpg, cats
cats_00327.jpg, cats
cats_00705.jpg, cats
cats_00289.jpg, cats
cats_00539.jpg, cats
cats_00882.jpg, cats
cats_00939.jpg, cats
cats_00154.jpg, cats
cats_00086.jpg, cats
cats_00177.jpg, cats
cats_00570.jpg, cats
cats_00686.jpg, cats
cats_00232.jpg, cats
cats_00311.jpg, cats
cats_00706.jpg, cats
cats_00805.jpg, cats
cats_00143.jpg, cats
cats_00422.jpg, cats
cats_00348.jpg, cats
cats_00906.jpg, cats
cats_00037.jpg, cats
cats_00252.jpg, cats
cats_00737.jpg, cats
cats_00648.jpg, cats
cats_00333.jpg, cats
cats_00541.jpg, cats
cats_00622.jpg, cats
cats_00609.jpg, cats
cats_00569.jpg, cats
cats_00740.jpg, cats
cats_00288.jpg, cats
cats_00281.jpg, cats
cats_00330.jpg, cats
cats_00211.jpg, cats
cats_00170.jpg, cats
cats_00709.jpg, cats
cats_00634.jpg, cats
cats_00350.jpg, cats
cats_00555.jpg, cats
cats_00291.jpg, cats
cats_00046.jpg, cats
cats_00263.jpg, cats
cats_00693.jpg, cats
cats_00845.jpg, cats
cats_00673.jpg, cats
cats_00457.jpg, cats
cats_00592.jpg, cats
cats_00057.jpg, cats
cats_00426.jpg, cats
cats_00973.jpg, cats
cats_00528.jpg, cats
cats_00498.jpg, cats
cats_00247.jpg, cats
cats_00413.jpg, cats
cats_00482.jpg, cats
cats_00723.jpg, cats
cats_00909.jpg, cats
cats_00112.jpg, cats
cats_00423.jpg, cats
cats_00858.jpg, cats
cats_00008.jpg, cats
cats_00507.jpg, cats
cats_00775.jpg, cats
cats_00424.jpg, cats
cats_00209.jpg, cats
cats_00033.jpg, cats
cats_00509.jpg, cats
cats_00798.jpg, cats
cats_00230.jpg, cats
cats_00970.jpg, cats
cats_00097.jpg, cats
cats_00749.jpg, cats
cats_00331.jpg, cats
cats_00941.jpg, cats
cats_00890.jpg, cats
cats_00561.jpg, cats
cats_00367.jpg, cats
cats_00590.jpg, cats
cats_00122.jpg, cats
cats_00769.jpg, cats
cats_00900.jpg, cats
cats_00589.jpg, cats
cats_00886.jpg, cats
cats_00708.jpg, cats
cats_00500.jpg, cats
cats_00923.jpg, cats
cats_00047.jpg, cats
cats_00797.jpg, cats
cats_00575.jpg, cats
cats_00838.jpg, cats
cats_00296.jpg, cats
cats_00436.jpg, cats
cats_00013.jpg, cats
cats_00695.jpg, cats
cats_00407.jpg, cats
cats_00510.jpg, cats
cats_00960.jpg, cats
cats_00280.jpg, cats
cats_00962.jpg, cats
cats_00139.jpg, cats
cats_00022.jpg, cats
cats_00174.jpg, cats
cats_00726.jpg, cats
cats_00791.jpg, cats
cats_00591.jpg, cats
cats_00755.jpg, cats
cats_00734.jpg, cats
cats_00268.jpg, cats
cats_00739.jpg, cats
cats_00816.jpg, cats
cats_00625.jpg, cats
cats_00462.jpg, cats
cats_00410.jpg, cats
cats_00707.jpg, cats
cats_00084.jpg, cats
cats_00986.jpg, cats
cats_00836.jpg, cats
cats_00354.jpg, cats
cats_00511.jpg, cats
cats_00517.jpg, cats
cats_00670.jpg, cats
cats_00073.jpg, cats
cats_00799.jpg, cats
cats_00265.jpg, cats
cats_00965.jpg, cats
cats_00794.jpg, cats
cats_00917.jpg, cats
cats_00334.jpg, cats
cats_00043.jpg, cats
cats_00786.jpg, cats
cats_00682.jpg, cats
cats_00150.jpg, cats
cats_00025.jpg, cats
cats_00712.jpg, cats
cats_00768.jpg, cats
cats_00192.jpg, cats
cats_00481.jpg, cats
cats_00677.jpg, cats
cats_00473.jpg, cats
cats_00892.jpg, cats
cats_00384.jpg, cats
cats_00850.jpg, cats
cats_00835.jpg, cats
cats_00341.jpg, cats
cats_00077.jpg, cats
cats_00004.jpg, cats
cats_00217.jpg, cats
cats_00250.jpg, cats
cats_00373.jpg, cats
cats_00633.jpg, cats
cats_00098.jpg, cats
cats_00780.jpg, cats
cats_00958.jpg, cats
cats_00657.jpg, cats
cats_00573.jpg, cats
cats_00093.jpg, cats
cats_00262.jpg, cats
cats_00602.jpg, cats
cats_00872.jpg, cats
cats_00821.jpg, cats
cats_00132.jpg, cats
cats_00532.jpg, cats
cats_00604.jpg, cats
cats_00999.jpg, cats
cats_00087.jpg, cats
cats_00839.jpg, cats
cats_00303.jpg, cats
cats_00188.jpg, cats
cats_00646.jpg, cats
cats_00397.jpg, cats
cats_00985.jpg, cats
cats_00484.jpg, cats
cats_00104.jpg, cats
cats_00038.jpg, cats
cats_00142.jpg, cats
cats_00724.jpg, cats
cats_00427.jpg, cats
cats_00558.jpg, cats
cats_00883.jpg, cats
cats_00054.jpg, cats
cats_00671.jpg, cats
cats_00783.jpg, cats
cats_00530.jpg, cats
cats_00711.jpg, cats
cats_00162.jpg, cats
cats_00421.jpg, cats
cats_00242.jpg, cats
cats_00480.jpg, cats
cats_00366.jpg, cats
cats_00943.jpg, cats
cats_00078.jpg, cats
cats_00408.jpg, cats
cats_00466.jpg, cats
cats_00729.jpg, cats
cats_00355.jpg, cats
cats_00135.jpg, cats
cats_00874.jpg, cats
cats_00336.jpg, cats
cats_00764.jpg, cats
cats_00843.jpg, cats
cats_00292.jpg, cats
cats_00878.jpg, cats
cats_00577.jpg, cats
cats_00444.jpg, cats
cats_00045.jpg, cats
cats_00383.jpg, cats
cats_00643.jpg, cats
cats_00394.jpg, cats
cats_00840.jpg, cats
cats_00016.jpg, cats
cats_00294.jpg, cats
cats_00241.jpg, cats
cats_00463.jpg, cats
cats_00179.jpg, cats
cats_00893.jpg, cats
cats_00029.jpg, cats
cats_00339.jpg, cats
cats_00802.jpg, cats
cats_00006.jpg, cats
cats_00072.jpg, cats
cats_00616.jpg, cats
cats_01000.jpg, cats
cats_00406.jpg, cats
cats_00120.jpg, cats
cats_00256.jpg, cats
cats_00825.jpg, cats
cats_00173.jpg, cats
cats_00750.jpg, cats
cats_00053.jpg, cats
cats_00993.jpg, cats
cats_00662.jpg, cats
cats_00031.jpg, cats
cats_00279.jpg, cats
cats_00417.jpg, cats
cats_00300.jpg, cats
cats_00435.jpg, cats
cats_00785.jpg, cats
cats_00140.jpg, cats
cats_00495.jpg, cats
cats_00032.jpg, cats
cats_00419.jpg, cats
cats_00450.jpg, cats
cats_00161.jpg, cats
cats_00178.jpg, cats
cats_00052.jpg, cats
cats_00146.jpg, cats
cats_00275.jpg, cats
cats_00024.jpg, cats
cats_00949.jpg, cats
cats_00144.jpg, cats
cats_00776.jpg, cats
cats_00096.jpg, cats
cats_00513.jpg, cats
cats_00255.jpg, cats
cats_00831.jpg, cats
cats_00124.jpg, cats
cats_00655.jpg, cats
cats_00842.jpg, cats
cats_00002.jpg, cats
cats_00914.jpg, cats
cats_00323.jpg, cats
cats_00524.jpg, cats
cats_00396.jpg, cats
cats_00082.jpg, cats
cats_00018.jpg, cats
cats_00271.jpg, cats
cats_00781.jpg, cats
cats_00438.jpg, cats
cats_00214.jpg, cats
cats_00443.jpg, cats
cats_00536.jpg, cats
cats_00596.jpg, cats
cats_00243.jpg, cats
cats_00801.jpg, cats
cats_00789.jpg, cats
cats_00453.jpg, cats
cats_00126.jpg, cats
cats_00551.jpg, cats
cats_00611.jpg, cats
cats_00813.jpg, cats
cats_00875.jpg, cats
cats_00912.jpg, cats
cats_00105.jpg, cats
cats_00564.jpg, cats
cats_00236.jpg, cats
cats_00010.jpg, cats
cats_00398.jpg, cats
cats_00387.jpg, cats
cats_00036.jpg, cats
cats_00735.jpg, cats
cats_00201.jpg, cats
cats_00860.jpg, cats
cats_00468.jpg, cats
cats_00833.jpg, cats
cats_00309.jpg, cats
cats_00248.jpg, cats
cats_00102.jpg, cats
cats_00273.jpg, cats
cats_00405.jpg, cats
cats_00425.jpg, cats
cats_00130.jpg, cats
cats_00645.jpg, cats
cats_00449.jpg, cats
cats_00684.jpg, cats
cats_00131.jpg, cats
cats_00996.jpg, cats
cats_00228.jpg, cats
cats_00277.jpg, cats
cats_00301.jpg, cats
cats_00283.jpg, cats
cats_00930.jpg, cats
cats_00186.jpg, cats
cats_00056.jpg, cats
cats_00439.jpg, cats
cats_00747.jpg, cats
cats_00003.jpg, cats
cats_00571.jpg, cats
cats_00968.jpg, cats
cats_00974.jpg, cats
cats_00434.jpg, cats
cats_00855.jpg, cats
cats_00888.jpg, cats
cats_00827.jpg, cats
cats_00172.jpg, cats
cats_00690.jpg, cats
cats_00698.jpg, cats
cats_00021.jpg, cats
cats_00041.jpg, cats
cats_00319.jpg, cats
cats_00967.jpg, cats
cats_00223.jpg, cats
cats_00472.jpg, cats
cats_00823.jpg, cats
cats_00629.jpg, cats
cats_00364.jpg, cats
cats_00218.jpg, cats
cats_00795.jpg, cats
cats_00199.jpg, cats
cats_00954.jpg, cats
cats_00039.jpg, cats
cats_00868.jpg, cats
cats_00148.jpg, cats
cats_00984.jpg, cats
cats_00501.jpg, cats
cats_00937.jpg, cats
cats_00614.jpg, cats
cats_00832.jpg, cats
cats_00946.jpg, cats
cats_00234.jpg, cats
cats_00915.jpg, cats
cats_00388.jpg, cats
cats_00810.jpg, cats
cats_00605.jpg, cats
cats_00091.jpg, cats
cats_00654.jpg, cats
cats_00448.jpg, cats
cats_00224.jpg, cats
cats_00490.jpg, cats
cats_00505.jpg, cats
cats_00055.jpg, cats
cats_00200.jpg, cats
cats_00479.jpg, cats
cats_00145.jpg, cats
cats_00757.jpg, cats
cats_00278.jpg, cats
cats_00012.jpg, cats
cats_00538.jpg, cats
cats_00069.jpg, cats
cats_00316.jpg, cats
cats_00824.jpg, cats
cats_00175.jpg, cats
cats_00328.jpg, cats
cats_00608.jpg, cats
cats_00784.jpg, cats
cats_00771.jpg, cats
cats_00748.jpg, cats
cats_00560.jpg, cats
cats_00437.jpg, cats
cats_00565.jpg, cats
cats_00108.jpg, cats
cats_00595.jpg, cats
cats_00527.jpg, cats
cats_00727.jpg, cats
cats_00155.jpg, cats
cats_00344.jpg, cats
cats_00722.jpg, cats
cats_00908.jpg, cats
cats_00403.jpg, cats
cats_00663.jpg, cats
cats_00368.jpg, cats
cats_00809.jpg, cats
cats_00171.jpg, cats
cats_00240.jpg, cats
cats_00918.jpg, cats
cats_00351.jpg, cats
cats_00009.jpg, cats
cats_00989.jpg, cats
cats_00544.jpg, cats
cats_00445.jpg, cats
cats_00382.jpg, cats
cats_00030.jpg, cats
cats_00488.jpg, cats
cats_00583.jpg, cats
cats_00136.jpg, cats
cats_00491.jpg, cats
cats_00542.jpg, cats
cats_00414.jpg, cats
cats_00469.jpg, cats
cats_00358.jpg, cats
cats_00114.jpg, cats
cats_00656.jpg, cats
cats_00321.jpg, cats
cats_00487.jpg, cats
cats_00308.jpg, cats
cats_00787.jpg, cats
cats_00751.jpg, cats
cats_00235.jpg, cats
cats_00028.jpg, cats
cats_00730.jpg, cats
cats_00522.jpg, cats
cats_00618.jpg, cats
cats_00913.jpg, cats
cats_00905.jpg, cats
cats_00356.jpg, cats
cats_00766.jpg, cats
cats_00325.jpg, cats
cats_00745.jpg, cats
cats_00116.jpg, cats
cats_00297.jpg, cats
cats_00456.jpg, cats
cats_00606.jpg, cats
cats_00846.jpg, cats
cats_00113.jpg, cats
cats_00957.jpg, cats
cats_00212.jpg, cats
cats_00777.jpg, cats
cats_00233.jpg, cats
cats_00352.jpg, cats
cats_00184.jpg, cats
cats_00767.jpg, cats
cats_00924.jpg, cats
cats_00284.jpg, cats
cats_00746.jpg, cats
cats_00754.jpg, cats
cats_00519.jpg, cats
cats_00807.jpg, cats
cats_00610.jpg, cats
cats_00620.jpg, cats
cats_00526.jpg, cats
cats_00502.jpg, cats
cats_00922.jpg, cats
cats_00873.jpg, cats
cats_00399.jpg, cats
cats_00465.jpg, cats
cats_00376.jpg, cats
cats_00818.jpg, cats
cats_00168.jpg, cats
cats_00864.jpg, cats
cats_00981.jpg, cats
cats_00076.jpg, cats
cats_00080.jpg, cats
cats_00925.jpg, cats
cats_00779.jpg, cats
cats_00668.jpg, cats
cats_00907.jpg, cats
cats_00720.jpg, cats
cats_00220.jpg, cats
cats_00621.jpg, cats
cats_00260.jpg, cats
cats_00927.jpg, cats
cats_00533.jpg, cats
cats_00253.jpg, cats
cats_00948.jpg, cats
cats_00227.jpg, cats
cats_00953.jpg, cats
cats_00285.jpg, cats
cats_00119.jpg, cats
cats_00885.jpg, cats
cats_00976.jpg, cats
cats_00742.jpg, cats
cats_00379.jpg, cats
cats_00998.jpg, cats
cats_00349.jpg, cats
cats_00231.jpg, cats
cats_00919.jpg, cats
cats_00540.jpg, cats
cats_00880.jpg, cats
cats_00990.jpg, cats
cats_00442.jpg, cats
cats_00829.jpg, cats
cats_00071.jpg, cats
cats_00259.jpg, cats
cats_00940.jpg, cats
cats_00295.jpg, cats
cats_00841.jpg, cats
cats_00844.jpg, cats
cats_00164.jpg, cats
cats_00418.jpg, cats
cats_00661.jpg, cats
cats_00007.jpg, cats
cats_00901.jpg, cats
cats_00942.jpg, cats
cats_00651.jpg, cats
cats_00945.jpg, cats
cats_00272.jpg, cats
cats_00525.jpg, cats
cats_00499.jpg, cats
cats_00369.jpg, cats
cats_00282.jpg, cats
cats_00244.jpg, cats
cats_00848.jpg, cats
cats_00584.jpg, cats
cats_00332.jpg, cats
cats_00623.jpg, cats
cats_00001.jpg, cats
cats_00129.jpg, cats
cats_00617.jpg, cats
cats_00689.jpg, cats
cats_00641.jpg, cats
cats_00545.jpg, cats
cats_00679.jpg, cats
cats_00451.jpg, cats
cats_00446.jpg, cats
cats_00306.jpg, cats
cats_00961.jpg, cats
cats_00701.jpg, cats
cats_00929.jpg, cats
cats_00060.jpg, cats
cats_00666.jpg, cats
cats_00899.jpg, cats
cats_00830.jpg, cats
cats_00630.jpg, cats
cats_00381.jpg, cats
cats_00951.jpg, cats
cats_00603.jpg, cats
cats_00857.jpg, cats
cats_00304.jpg, cats
cats_00210.jpg, cats
cats_00237.jpg, cats
cats_00904.jpg, cats
cats_00412.jpg, cats
cats_00790.jpg, cats
cats_00014.jpg, cats
cats_00314.jpg, cats
cats_00894.jpg, cats
cats_00099.jpg, cats
cats_00222.jpg, cats
cats_00470.jpg, cats
cats_00659.jpg, cats
cats_00557.jpg, cats
cats_00205.jpg, cats
cats_00159.jpg, cats
cats_00653.jpg, cats
cats_00574.jpg, cats
cats_00106.jpg, cats
cats_00090.jpg, cats
cats_00428.jpg, cats
cats_00477.jpg, cats
cats_00363.jpg, cats
cats_00588.jpg, cats
cats_00531.jpg, cats
cats_00852.jpg, cats
cats_00357.jpg, cats
cats_00687.jpg, cats
cats_00251.jpg, cats
cats_00503.jpg, cats
cats_00977.jpg, cats
cats_00518.jpg, cats
cats_00180.jpg, cats
cats_00048.jpg, cats
cats_00313.jpg, cats
cats_00317.jpg, cats
cats_00326.jpg, cats
cats_00870.jpg, cats
cats_00955.jpg, cats
cats_00765.jpg, cats
cats_00721.jpg, cats
cats_00664.jpg, cats
cats_00803.jpg, cats
cats_00109.jpg, cats
cats_00753.jpg, cats
cats_00194.jpg, cats
cats_00512.jpg, cats
cats_00624.jpg, cats
cats_00083.jpg, cats
cats_00903.jpg, cats
cats_00430.jpg, cats
cats_00793.jpg, cats
cats_00683.jpg, cats
cats_00320.jpg, cats
cats_00815.jpg, cats
cats_00994.jpg, cats
cats_00467.jpg, cats
cats_00433.jpg, cats
cats_00015.jpg, cats
cats_00963.jpg, cats
cats_00837.jpg, cats
cats_00493.jpg, cats
cats_00863.jpg, cats
cats_00163.jpg, cats
cats_00696.jpg, cats
cats_00059.jpg, cats
cats_00483.jpg, cats
cats_00276.jpg, cats
cats_00121.jpg, cats
cats_00452.jpg, cats
cats_00834.jpg, cats
cats_00636.jpg, cats
cats_00756.jpg, cats
cats_00987.jpg, cats
cats_00581.jpg, cats
cats_00849.jpg, cats
cats_00806.jpg, cats
cats_00516.jpg, cats
cats_00185.jpg, cats
cats_00738.jpg, cats
cats_00763.jpg, cats
cats_00216.jpg, cats
cats_00660.jpg, cats
cats_00761.jpg, cats
cats_00672.jpg, cats
cats_00861.jpg, cats
cats_00393.jpg, cats
cats_00402.jpg, cats
cats_00867.jpg, cats
cats_00050.jpg, cats
cats_00372.jpg, cats
cats_00475.jpg, cats
cats_00700.jpg, cats
cats_00058.jpg, cats
cats_00302.jpg, cats
cats_00971.jpg, cats
cats_00166.jpg, cats
cats_00115.jpg, cats
cats_00877.jpg, cats
cats_00936.jpg, cats
cats_00889.jpg, cats
cats_00264.jpg, cats
cats_00762.jpg, cats
cats_00458.jpg, cats
cats_00287.jpg, cats
cats_00897.jpg, cats
cats_00669.jpg, cats
cats_00716.jpg, cats
cats_00266.jpg, cats
cats_00627.jpg, cats
cats_00187.jpg, cats
cats_00409.jpg, cats
cats_00088.jpg, cats
cats_00714.jpg, cats
cats_00337.jpg, cats
cats_00040.jpg, cats
cats_00692.jpg, cats
cats_00601.jpg, cats
cats_00728.jpg, cats
cats_00534.jpg, cats
cats_00101.jpg, cats
cats_00556.jpg, cats
cats_00694.jpg, cats
cats_00226.jpg, cats
cats_00345.jpg, cats
cats_00138.jpg, cats
cats_00567.jpg, cats
cats_00732.jpg, cats
cats_00612.jpg, cats
cats_00035.jpg, cats
cats_00652.jpg, cats
cats_00587.jpg, cats
cats_00362.jpg, cats
cats_00543.jpg, cats
cats_00011.jpg, cats
cats_00042.jpg, cats
cats_00572.jpg, cats
